<?xml version="1.0" encoding="UTF-8" ?>
<!DOCTYPE mapper PUBLIC "-//mybatis.org//DTD Mapper 3.0//EN" "http://mybatis.org/dtd/mybatis-3-mapper.dtd">
<mapper namespace="com.zxsc.mapper.ProductMapper">
    
    <resultMap id="ProductMap" type="com.zxsc.entity.Product">
        <id property="id" column="id"/>
        <result property="name" column="name"/>
        <result property="categoryId" column="category_id"/>
        <result property="price" column="price"/>
        <result property="stock" column="stock"/>
        <result property="image" column="image"/>
        <result property="description" column="description"/>
        <result property="status" column="status"/>
        <result property="createTime" column="create_time"/>
        <result property="updateTime" column="update_time"/>
        <result property="categoryName" column="category_name"/>
    </resultMap>
    
    <select id="findAll" resultMap="ProductMap">
        SELECT p.*, c.name AS category_name FROM product p 
        LEFT JOIN category c ON p.category_id = c.id 
        WHERE p.status = 1 ORDER BY p.create_time DESC
    </select>
    
    <select id="findByCategory" resultMap="ProductMap">
        SELECT p.*, c.name AS category_name FROM product p 
        LEFT JOIN category c ON p.category_id = c.id 
        WHERE p.category_id = #{categoryId} AND p.status = 1 
        ORDER BY p.create_time DESC
    </select>
    
    <select id="search" resultMap="ProductMap">
        SELECT p.*, c.name AS category_name FROM product p 
        LEFT JOIN category c ON p.category_id = c.id 
        WHERE p.name LIKE CONCAT('%', #{keyword}, '%') AND p.status = 1 
        ORDER BY p.create_time DESC
    </select>
    
    <select id="findById" resultMap="ProductMap">
        SELECT p.*, c.name AS category_name FROM product p 
        LEFT JOIN category c ON p.category_id = c.id 
        WHERE p.id = #{id}
    </select>
    
    <insert id="insert" parameterType="com.zxsc.entity.Product" useGeneratedKeys="true" keyProperty="id">
        INSERT INTO product (name, category_id, price, stock, image, description, status)
        VALUES (#{name}, #{categoryId}, #{price}, #{stock}, #{image}, #{description}, #{status})
    </insert>
    
    <update id="update" parameterType="com.zxsc.entity.Product">
        UPDATE product SET name = #{name}, category_id = #{categoryId}, price = #{price}, 
        stock = #{stock}, image = #{image}, description = #{description}, status = #{status} 
        WHERE id = #{id}
    </update>
    
    <delete id="deleteById">
        DELETE FROM product WHERE id = #{id}
    </delete>
    
    <update id="updateStock">
        UPDATE product SET stock = stock - #{quantity} WHERE id = #{id}
    </update>
    
</mapper>
